{"root":{"tags":null,"renderToIntermediateTexture":false,"maxLayoutCycle":3,"adaptHeightToChildren":false,"adaptWidthToChildren":false,"background":"","metadata":{"_previousCenter":{"x":1,"y":1}},"isHitTestVisible":true,"isPointerBlocker":false,"isFocusInvisible":false,"clipChildren":true,"clipContent":true,"useBitmapCache":false,"shadowOffsetX":0,"shadowOffsetY":0,"shadowBlur":0,"shadowColor":"black","hoverCursor":"","alpha":1,"scaleX":1,"scaleY":1,"rotation":0,"transformCenterY":0.5,"transformCenterX":0.5,"horizontalAlignment":2,"verticalAlignment":2,"fixedRatio":0,"width":"100%","height":"100%","color":"","zIndex":0,"notRenderable":false,"isVisible":true,"descendantsOnlyPadding":false,"paddingLeft":"0px","paddingRight":"0px","paddingTop":"0px","paddingBottom":"0px","left":"0px","top":"0px","linkOffsetX":"0px","linkOffsetY":"0px","isEnabled":true,"disabledColor":"#9a9a9a","disabledColorItem":"#6a6a6a","name":"root","className":"Container","children":[{"tags":null,"thickness":4,"cornerRadius":20,"renderToIntermediateTexture":false,"maxLayoutCycle":3,"adaptHeightToChildren":false,"adaptWidthToChildren":false,"background":"black","metadata":{"_previousCenter":{"x":1,"y":235.5},"localBounds":{"left":-94.47,"top":-111.91,"right":94.47,"bottom":118.085},"storedValues":{"left":0,"top":-58.39,"right":188.94,"bottom":177.77999999999997}},"isHitTestVisible":true,"isPointerBlocker":true,"isFocusInvisible":false,"clipChildren":true,"clipContent":true,"useBitmapCache":false,"shadowOffsetX":0,"shadowOffsetY":0,"shadowBlur":0,"shadowColor":"black","hoverCursor":"","alpha":1,"scaleX":1,"scaleY":1,"rotation":0,"transformCenterY":0.5,"transformCenterX":0.5,"horizontalAlignment":2,"verticalAlignment":1,"fixedRatio":0,"width":"100%","height":"230px","color":"Orange","zIndex":0,"notRenderable":false,"isVisible":true,"descendantsOnlyPadding":false,"paddingLeft":"0px","paddingRight":"0px","paddingTop":"0px","paddingBottom":"0px","left":"0px","top":"0px","linkOffsetX":"0px","linkOffsetY":"0px","isEnabled":true,"disabledColor":"#9a9a9a","disabledColorItem":"#6a6a6a","name":"bottomPanel","className":"Rectangle","children":[{"tags":["1:0","0:0","2:0","3:0","4:0","5:0"],"renderToIntermediateTexture":false,"maxLayoutCycle":3,"adaptHeightToChildren":false,"adaptWidthToChildren":false,"background":"","metadata":{"_previousCenter":{"x":1,"y":1}},"isHitTestVisible":true,"isPointerBlocker":true,"isFocusInvisible":false,"clipChildren":true,"clipContent":true,"useBitmapCache":false,"shadowOffsetX":0,"shadowOffsetY":0,"shadowBlur":0,"shadowColor":"black","hoverCursor":"","alpha":1,"scaleX":1,"scaleY":1,"rotation":0,"transformCenterY":0.5,"transformCenterX":0.5,"horizontalAlignment":2,"verticalAlignment":2,"fixedRatio":0,"width":"100%","height":"100%","color":"","zIndex":0,"notRenderable":false,"isVisible":true,"descendantsOnlyPadding":false,"paddingLeft":"0px","paddingRight":"0px","paddingTop":"0px","paddingBottom":"0px","left":"0px","top":"0px","linkOffsetX":"0px","linkOffsetY":"0px","isEnabled":true,"disabledColor":"#9a9a9a","disabledColorItem":"#6a6a6a","name":"Grid","className":"Grid","children":[{"tags":null,"resizeToFit":false,"textWrapping":0,"text":"","textHorizontalAlignment":2,"textVerticalAlignment":2,"lineSpacing":"0px","outlineWidth":0,"underline":false,"lineThrough":false,"outlineColor":"white","wordDivider":" ","forceResizeWidth":false,"metadata":{"_previousCenter":{"x":1,"y":1},"editorUniqueId":"2cd843c0-77f9-4941-958f-bfa5e0766c8c"},"isHitTestVisible":true,"isPointerBlocker":true,"isFocusInvisible":false,"clipChildren":true,"clipContent":true,"useBitmapCache":false,"shadowOffsetX":0,"shadowOffsetY":0,"shadowBlur":0,"shadowColor":"black","hoverCursor":"","fontOffset":{"ascent":21.600000381469727,"height":27.200000762939453,"descent":5.600000381469727},"alpha":1,"scaleX":1,"scaleY":1,"rotation":0,"transformCenterY":0.5,"transformCenterX":0.5,"horizontalAlignment":2,"verticalAlignment":2,"fixedRatio":0,"width":"100%","height":"100%","color":"white","zIndex":0,"notRenderable":false,"isVisible":true,"descendantsOnlyPadding":false,"paddingLeft":"0px","paddingRight":"0px","paddingTop":"0px","paddingBottom":"0px","left":"0px","top":"0px","linkOffsetX":"0px","linkOffsetY":"0px","isEnabled":true,"disabledColor":"#9a9a9a","disabledColorItem":"#6a6a6a","name":"health","className":"TextBlock","fontFamily":"Arial","fontSize":"24px","fontWeight":"","fontStyle":""},{"tags":null,"resizeToFit":false,"textWrapping":0,"text":"","textHorizontalAlignment":2,"textVerticalAlignment":2,"lineSpacing":"0px","outlineWidth":0,"underline":false,"lineThrough":false,"outlineColor":"white","wordDivider":" ","forceResizeWidth":false,"metadata":{"_previousCenter":{"x":1,"y":1},"editorUniqueId":"c1be5f5f-086c-4e79-8384-8543c44c4980"},"isHitTestVisible":true,"isPointerBlocker":true,"isFocusInvisible":false,"clipChildren":true,"clipContent":true,"useBitmapCache":false,"shadowOffsetX":0,"shadowOffsetY":0,"shadowBlur":0,"shadowColor":"black","hoverCursor":"","fontOffset":{"ascent":21.600000381469727,"height":27.200000762939453,"descent":5.600000381469727},"alpha":1,"scaleX":1,"scaleY":1,"rotation":0,"transformCenterY":0.5,"transformCenterX":0.5,"horizontalAlignment":2,"verticalAlignment":2,"fixedRatio":0,"width":"100%","height":"100%","color":"white","zIndex":0,"notRenderable":false,"isVisible":true,"descendantsOnlyPadding":false,"paddingLeft":"0px","paddingRight":"0px","paddingTop":"0px","paddingBottom":"0px","left":"0px","top":"0px","linkOffsetX":"0px","linkOffsetY":"0px","isEnabled":true,"disabledColor":"#9a9a9a","disabledColorItem":"#6a6a6a","name":"name","className":"TextBlock","fontFamily":"Arial","fontSize":"24px","fontWeight":"","fontStyle":""},{"tags":null,"resizeToFit":false,"textWrapping":0,"text":"","textHorizontalAlignment":2,"textVerticalAlignment":2,"lineSpacing":"0px","outlineWidth":0,"underline":false,"lineThrough":false,"outlineColor":"white","wordDivider":" ","forceResizeWidth":false,"metadata":{"_previousCenter":{"x":1,"y":1},"editorUniqueId":"a819d89f-35b7-4aff-b943-f93cedc43e46"},"isHitTestVisible":true,"isPointerBlocker":true,"isFocusInvisible":false,"clipChildren":true,"clipContent":true,"useBitmapCache":false,"shadowOffsetX":0,"shadowOffsetY":0,"shadowBlur":0,"shadowColor":"black","hoverCursor":"","fontOffset":{"ascent":21.600000381469727,"height":27.200000762939453,"descent":5.600000381469727},"alpha":1,"scaleX":1,"scaleY":1,"rotation":0,"transformCenterY":0.5,"transformCenterX":0.5,"horizontalAlignment":2,"verticalAlignment":2,"fixedRatio":0,"width":"100%","height":"100%","color":"white","zIndex":0,"notRenderable":false,"isVisible":true,"descendantsOnlyPadding":false,"paddingLeft":"0px","paddingRight":"0px","paddingTop":"0px","paddingBottom":"0px","left":"0px","top":"0px","linkOffsetX":"0px","linkOffsetY":"0px","isEnabled":true,"disabledColor":"#9a9a9a","disabledColorItem":"#6a6a6a","name":"target","className":"TextBlock","fontFamily":"Arial","fontSize":"24px","fontWeight":"","fontStyle":""},{"tags":null,"resizeToFit":false,"textWrapping":0,"text":"","textHorizontalAlignment":2,"textVerticalAlignment":2,"lineSpacing":"0px","outlineWidth":0,"underline":false,"lineThrough":false,"outlineColor":"white","wordDivider":" ","forceResizeWidth":false,"metadata":{"_previousCenter":{"x":1,"y":1},"editorUniqueId":"9ff3d968-280a-4e71-80de-f989d2fdaecb"},"isHitTestVisible":true,"isPointerBlocker":true,"isFocusInvisible":false,"clipChildren":true,"clipContent":true,"useBitmapCache":false,"shadowOffsetX":0,"shadowOffsetY":0,"shadowBlur":0,"shadowColor":"black","hoverCursor":"","fontOffset":{"ascent":21.600000381469727,"height":27.200000762939453,"descent":5.600000381469727},"alpha":1,"scaleX":1,"scaleY":1,"rotation":0,"transformCenterY":0.5,"transformCenterX":0.5,"horizontalAlignment":2,"verticalAlignment":2,"fixedRatio":0,"width":"100%","height":"100%","color":"white","zIndex":0,"notRenderable":false,"isVisible":true,"descendantsOnlyPadding":false,"paddingLeft":"0px","paddingRight":"0px","paddingTop":"0px","paddingBottom":"0px","left":"0px","top":"0px","linkOffsetX":"0px","linkOffsetY":"0px","isEnabled":true,"disabledColor":"#9a9a9a","disabledColorItem":"#6a6a6a","name":"behaviour","className":"TextBlock","fontFamily":"Arial","fontSize":"24px","fontWeight":"","fontStyle":""},{"tags":null,"resizeToFit":false,"textWrapping":0,"text":"","textHorizontalAlignment":2,"textVerticalAlignment":2,"lineSpacing":"0px","outlineWidth":0,"underline":false,"lineThrough":false,"outlineColor":"white","wordDivider":" ","forceResizeWidth":false,"metadata":{"_previousCenter":{"x":1,"y":1},"editorUniqueId":"69295979-2bf2-4246-ad3c-f19367b17904"},"isHitTestVisible":true,"isPointerBlocker":true,"isFocusInvisible":false,"clipChildren":true,"clipContent":true,"useBitmapCache":false,"shadowOffsetX":0,"shadowOffsetY":0,"shadowBlur":0,"shadowColor":"black","hoverCursor":"","fontOffset":{"ascent":21.600000381469727,"height":27.200000762939453,"descent":5.600000381469727},"alpha":1,"scaleX":1,"scaleY":1,"rotation":0,"transformCenterY":0.5,"transformCenterX":0.5,"horizontalAlignment":2,"verticalAlignment":2,"fixedRatio":0,"width":"100%","height":"100%","color":"white","zIndex":0,"notRenderable":false,"isVisible":true,"descendantsOnlyPadding":false,"paddingLeft":"0px","paddingRight":"0px","paddingTop":"0px","paddingBottom":"0px","left":"0px","top":"0px","linkOffsetX":"0px","linkOffsetY":"0px","isEnabled":true,"disabledColor":"#9a9a9a","disabledColorItem":"#6a6a6a","name":"state","className":"TextBlock","fontFamily":"Arial","fontSize":"24px","fontWeight":"","fontStyle":""},{"tags":null,"resizeToFit":false,"textWrapping":0,"text":"","textHorizontalAlignment":2,"textVerticalAlignment":2,"lineSpacing":"0px","outlineWidth":0,"underline":false,"lineThrough":false,"outlineColor":"white","wordDivider":" ","forceResizeWidth":false,"metadata":{"_previousCenter":{"x":1,"y":1},"editorUniqueId":"d73614f1-bfd2-405b-a124-9164ff280b7b"},"isHitTestVisible":true,"isPointerBlocker":true,"isFocusInvisible":false,"clipChildren":true,"clipContent":true,"useBitmapCache":false,"shadowOffsetX":0,"shadowOffsetY":0,"shadowBlur":0,"shadowColor":"black","hoverCursor":"","fontOffset":{"ascent":21.600000381469727,"height":27.200000762939453,"descent":5.600000381469727},"alpha":1,"scaleX":1,"scaleY":1,"rotation":0,"transformCenterY":0.5,"transformCenterX":0.5,"horizontalAlignment":2,"verticalAlignment":2,"fixedRatio":0,"width":"100%","height":"100%","color":"white","zIndex":0,"notRenderable":false,"isVisible":true,"descendantsOnlyPadding":false,"paddingLeft":"0px","paddingRight":"0px","paddingTop":"0px","paddingBottom":"0px","left":"0px","top":"0px","linkOffsetX":"0px","linkOffsetY":"0px","isEnabled":true,"disabledColor":"#9a9a9a","disabledColorItem":"#6a6a6a","name":"goal","className":"TextBlock","fontFamily":"Arial","fontSize":"24px","fontWeight":"","fontStyle":""}],"columnCount":1,"rowCount":6,"columns":[{"value":1,"unit":0}],"rows":[{"value":0.16666666666666669,"unit":0},{"value":0.16666666666666669,"unit":0},{"value":0.16666666666666669,"unit":0},{"value":0.16666666666666669,"unit":0},{"value":0.16666666666666669,"unit":0},{"value":0.16666666666666669,"unit":0}]}]}]},"width":747,"height":699}